headlines,insight
"Bitcoin Flash Crash Roils Crypto Market","Avoid investment due to market volatility and price crash."
"Bitcoin price rises ahead of Fed Jackson Hole speech","Good investment due to anticipated positive market sentiment."
"Ethereum price will hit $7,500 by year-end, says Standard Chartered analyst","Strong investment due to bullish price forecast."
"Chatbot’s Crime Spree Used AI to Grab Bank Details, Social Security Numbers","Neutral; not directly related to crypto investment."
"Bitcoin vs. ethereum: What's the difference?","Neutral; informational content with no investment impact."
"Bitcoin to $200,000? That’ll be ‘extremely unlikely,’ analysts say","Poor investment due to pessimistic analyst outlook."
"Bitcoin transaction fees are in free fall. This report explains why","Good investment due to lower transaction costs enhancing usability."
"BlackRock Offloads Millions in BTC After Weekly Buys – Market ‘Manipulation’ or Routine Rebalance?","Neutral; unclear impact due to mixed signals on BlackRock’s actions."
"Eric Trump Claims His Company Is Mining ‘3% of the World’s Bitcoin Every Single Day’","Neutral; exaggerated claim with unclear investment impact."
"Cardano Upgrades Network, Boosting Transaction Speed","Good investment due to improved network performance."
"How to Prevent the Next Financial Crisis","Neutral; not specific to crypto investment."
"The guy who shorted Enron has a warning about the AI boom","Neutral; AI-focused with no direct crypto impact."
"Ethereum hit a record high over the weekend: Here's what to know","Strong investment due to record price high."
"XRP Futures $1 Billion OI Milestone Paves Way for Spot XRP ETF Approval","Good investment due to potential ETF approval boosting demand."
"FTC sees surge in losses from 'transfer it to protect it' money scams","Neutral; not directly related to crypto investment."
"Peter Thiel-backed crypto stock crashes on shocking news","Poor investment due to negative news impacting stock value."
"Bitcoin Price ‘Flash Crash’ Panic Suddenly Wipes $100 Billion From Crypto Market","Avoid investment due to significant market crash."
"Panicked Traders Brace For $100,000 Bitcoin And $4,000 Ethereum As Crypto Price Crash Fears Hit XRP","Poor investment due to crash fears affecting multiple coins."
"‘Violent Repricing’—Bitcoin Suddenly Plunges As ‘Cascade’ Price Crash Fed Warning Hits Ethereum, XRP And Crypto","Avoid investment due to widespread price crash."
"Bitcoin Is Braced For A Massive September Shock After Sudden Plunge Sparked Ethereum, XRP And Crypto Crash Fears","Poor investment due to anticipated market shock."
"The White House Is Going to Put Government Statistics on the Blockchain (Yeah, We Don’t Know Why Either)","Neutral; blockchain-related but not investment-specific."
"Brazil’s Congress Explores A Bitcoin Strategic Reserve","Good investment due to potential government adoption."
"Which Governments Hold The Most Bitcoin?","Neutral; informational with no direct investment impact."
"A Bitcoin Startup Raised $50M to Allow Users to Trade With 'Bitcoin-Grade' Security","Good investment due to enhanced security boosting confidence."
"New ‘Rockefellers Or Rothschilds’—Bitcoin Is Quietly On The Brink Of A Huge $84 Trillion Crypto Price Earthquake","Strong investment due to massive bullish market projection."
"Trump-Backed Bitcoin Miner American Bitcoin Targets September Nasdaq Debut","Good investment due to high-profile backing and market entry."
"Bitcoin Hammered Below $109K as Conference Indicator Strikes Again","Poor investment due to significant price drop."
"Why Everyone Is Buying Bitcoin, And What You Need To Know","Good investment due to widespread buying interest."
"Trump’s Bid To Oust Fed’s Lisa Cook Endangers The Bitcoin Reserve He Built","Poor investment due to risks to Bitcoin reserve policy."
"Investment bank sees 36% upside in crypto miner with new call","Good investment due to positive analyst outlook for miners."
"The Fed Rate Cut Gamble: Markets Are Betting Big, But Altcoin Season May Not Wait","Neutral; mixed signals for altcoins with no clear impact."
"Eric Trump Says 'There Is No Question' Bitcoin Will Hit $1 Million","Strong investment due to highly bullish price prediction."
"American Bitcoin, miner backed by Trump’s sons, aims to start trading in September","Good investment due to high-profile backing and market entry."
"Bitcoin Prices Have Retreated Below $108,000 After Peaking Mid-Month","Poor investment due to recent price decline."
"Ransomware crooks knock Swedish municipalities offline for measly sum of $168K","Neutral; not directly related to crypto investment."
"Here’s how high JPMorgan thinks Bitcoin can go by year-end","Good investment due to positive JPMorgan price forecast."
"Why bitcoin treasury companies are a fool’s paradise","Poor investment due to skepticism about Bitcoin treasury strategies."
"Bitcoin Miner Hut 8 Surges 10% on 1.5GW Expansion Plans","Good investment due to expansion boosting mining capacity."
"Michael Jordan-Kobe Bryant Basketball Card Auctions For Record-Breaking $13 Million USD","Neutral; not related to crypto investment."
"Investment Platform Webull Brings Back Crypto Trading to U.S.","Good investment due to increased accessibility for crypto trading."
"CoinDesk 20 Performance Update: Solana (SOL) Gains 4.1% as Index Trades Higher","Good investment due to positive price movement for Solana."
"Bitcoin Chalks Out Lower Price High After Powell, Ether Prints Doji at Lifetime Peak","Neutral; mixed price signals for Bitcoin and Ethereum."
"The Protocol: Bitcoin Mining Faces New Challenges as Power Costs Eat Profit","Poor investment due to rising costs impacting miners."
"What Would Happen If Bitcoin Totally Crashed?","Neutral; hypothetical scenario with no immediate impact."
"Why Bitcoin Whale’s Huge Selloff Spooked Traders","Poor investment due to large-scale selling causing market fear."
"Can Bitcoin Hit $600,000 By October?","Neutral; speculative price target with no firm basis."
"Shark Tank’s Kevin O’Leary adds Bitcoin to his investing app","Good investment due to high-profile endorsement."
"Tesla Makes Desperate New Cybertruck Move As Stock Wobbles","Neutral; Tesla-related with no direct crypto impact."
"Japanese Nail Salon Announces $3 Billion Bitcoin Acquisition Strategy","Strong investment due to significant corporate Bitcoin adoption."
"Donald Trump Has A Secret Weapon In His War On The Fed","Neutral; political context with unclear crypto impact."
"AMBTS Raises $23.2M to Build Bitcoin Treasury, Targets 1% of BTC in Circulation","Good investment due to corporate Bitcoin accumulation."
"Nvidia Shares Edge Lower After Earnings Beat; Cryptocurrencies Little-Changed","Neutral; no significant crypto price movement."
"Strategy’s Preferred Shares Form a Bullish Circle Around Bitcoin","Good investment due to bullish market sentiment."
"Massive $14.6B BTC and ETH Options Expiry Shows Bias for Bitcoin Protection","Neutral; options market activity with unclear investment impact."
"El Salvador’s Bitcoin and Quantum Computing","Neutral; speculative technology discussion."
"Trump Ousts Fed Governor Lisa Cook, Raising Debate On Banks Vs Bitcoin","Poor investment due to policy uncertainty affecting Bitcoin."
"Hemi Labs Raises $15M to Expand Bitcoin Programmability","Good investment due to innovation in Bitcoin ecosystem."
"Gryphon Digital Mining to Merge with Trump-Linked American Bitcoin","Good investment due to strategic merger boosting miner profile."
"Bitcoin Undervalued Compared To Gold, Fair Value At $126,000: JPMorgan","Strong investment due to bullish valuation from JPMorgan."
"Hut 8 Maps 'Path to Monetization' of Energy Assets as Bitcoin Mining Carve-Out Nears: Benchmark","Good investment due to strategic expansion in mining."
"Given Trump’s Pro-Crypto Stance, Is it Time to Fully Ditch Gold in Favor of Bitcoin?","Good investment due to pro-crypto policy support."
"Bitcoin Undervalued Versus Gold as Volatility Collapses, JPMorgan Says","Strong investment due to favorable valuation comparison."
"Philippine Congressman Proposes Bitcoin Reserve to Attack National Debt","Good investment due to potential government adoption."
"As ETH Breaks Above $4,900, Analyst Sums Up Crypto Market: ‘BTC Is Exhausted, ETH Isn’t’","Strong investment for Ethereum due to price breakout."
"Crypto for Advisors: The Growth of Solana and Ethererum","Good investment due to growth in Solana and Ethereum ecosystems."
"IREN Posts First Full-Year Profit on AI Cloud Growth, Mining Expansion; Shares Climb","Good investment due to profitable mining expansion."
"Eric Trump Praises China’s Role in Bitcoin, Says U.S. and Beijing Are ‘Leading the Way’","Good investment due to global leadership in Bitcoin adoption."
"Major Bitcoin Breakout Could be Brewing as Retail and Institutions Stack ‘Relentlessly’","Strong investment due to institutional buying pressure."
"Metaplanet Raises $881 Million for More Bitcoin Purchases, Stock Jumps 6%","Strong investment due to significant corporate Bitcoin accumulation."
"Bitcoin Market Projection for the 2nd Half of 2025","Neutral; forward-looking projection with no immediate impact."
"Crypto Giants Galaxy, Jump and Multicoin Seek $1B to Raise Largest Solana Treasury: Report","Strong investment for Solana due to major treasury initiative."
"U.S. Government Starts Pushing Economic Data Onto Blockchains as 'Proof of Concept'","Neutral; blockchain experiment with no direct investment impact."
"Has El Salvador Made Its Bitcoin Holdings Quantum-Proof?","Neutral; speculative technology discussion."
"Metaplanet Eyes $837M Raise to Buy More Bitcoin After Hitting 18,991 BTC Stash","Strong investment due to large-scale corporate Bitcoin buying."
"Japanese Bitcoin ETF Could Debut in 2027, Says KPMG Exec","Good investment due to potential ETF boosting demand."
"Whales Dump Bitcoin, Snatch Up $456M in Ethereum — Altseason Next?","Poor investment for Bitcoin, strong for Ethereum due to capital rotation."
"Ethereum to $7,500? Rotation into Ether ETFs seen to drive price to new heights","Strong investment for Ethereum due to ETF-driven demand."
"Nvidia Earnings Loom Large, With Bitcoin Traders Eyeing Correlation","Neutral; market correlation with no clear investment signal."
"ETH Liquidity Check: Is it Catching Up with Bitcoin?","Neutral; liquidity comparison with no direct investment impact."
"Crypto Markets Today: Bitcoin Underperforms Ether, Broader Market","Poor investment for Bitcoin, good for Ethereum due to relative performance."
"Crypto Markets Today: Bitcoin Price Remains Under Pressure","Poor investment due to sustained price pressure."
"Ether, Dogecoin, Bitcoin Plunge Sees $900M in Bullish Bets Liquidated","Poor investment due to market-wide price plunge."
"Bitcoin Miner Hut 8 Surges 10% on 1.5GW Expansion Plans","Good investment due to expansion boosting mining capacity."
"Bitcoin Faces Mounting Pressure Below Key Cost Bases","Poor investment due to technical price weakness."
"Bitcoin Headed to $190K on Institutional Wave, Research Firm Says","Strong investment due to bullish institutional forecast."
"ETH ETFs Haul $443.9M Crushing Bitcoin with 2x Inflows — Is Confidence Shifting to Ethereum?","Strong investment for Ethereum due to ETF inflows."
"BlackRock Buys the Dip: 413 BTC and 73,864 ETH Snapped Up — Is Accumulation Back?","Good investment for Bitcoin and Ethereum due to institutional buying."
"Bitcoin faces critical resistance at $113,700, breakdown below $107k threatens return to 5 figures","Poor investment due to technical price risks."
"Bitfinex Alpha Believes No Altseason Until Regulators Approve More Diverse Crypto ETFs Beyond BTC/ETH","Neutral; regulatory speculation with no immediate impact."
"1 Reason Now Is the Time to Buy Bitcoin","Good investment due to positive market signal."
"Psychedelics firm embracing Bitcoin strategy announces major update","Good investment due to corporate Bitcoin adoption."
"Most Bitcoin Still Belongs to Individuals, but Institutions Are Catching Up: Research","Neutral; ownership trends with no direct investment impact."
"Lygos Aims to Banish Ghosts of Crypto Lending Collapse With Non-Custodial Bitcoin Model","Good investment due to innovative Bitcoin lending model."
"Cantor Fitzgerald Keeps Overweight Rating on MARA After Strong Revenue","Good investment due to positive analyst outlook for miner."
"NYSE-Listed Semiconductor Firm Sequans Plans $200M Raise to Buy Bitcoin","Strong investment due to corporate Bitcoin accumulation."
"Bitcoin Tumbles Back Below $110K as Crypto Bounce Fails, Ether Plunges 8%","Poor investment for Bitcoin and Ethereum due to price declines."
"Jack Mallers has a fix for collapsing housing affordability","Neutral; not directly related to crypto investment."
"Ethereum Outpaces Bitcoin: Why Analysts Expect ETH to Break $5K Soon","Strong investment for Ethereum due to bullish price outlook."
"American Bitcoin, backed by Trump's sons, aims to start trading in September","Good investment due to high-profile backing and market entry."